name,title,description,notes,example,namespace,dcterms:isVersionOf,dcterms:references,rdfs:comment,status,new,ignore
address,Address,A physical address for an organisational unit or person.,,,ltc,http://rs.tdwg.org/ltc/terms/Address,http://rs.tdwg.org/ltc/terms/version/Address-2024-02-28,A physical address for an organisational unit or person.,recommended,true,false
chronometric-age,Chronometric Age,The age of a specimen or related materials that is generated from a dating assay.,"To represent a single age, enter the same value in both earliestChronometricAge and latestChronometricAge. Leaving one or both of these fields blank indicates that the value is unknown, has yet to be recorded or is not applicable to the material being described. We recommend that you do not use this class to indicate chronostratigraphy: it is intended to be used to reflect a chronometric age or range of ages determined via one or more named analytical protocols, methods or techniques.",,ltc,http://rs.tdwg.org/ltc/terms/ChronometricAge,http://rs.tdwg.org/ltc/terms/version/ChronometricAge-2024-02-28,The age of a specimen or related materials that is generated from a dating assay.,recommended,true,false
collection-status-history,Collection Status History,A record of current and past statuses of the object group and the reason for status changes.,"Use this class to record the history of and reason for changes in the status of the described collection. Types of status described by this class may, for example, include ownership, management, accessibility or accrual policy over time. Dates reflecting the start and end of the status described by this class should be recorded using an instance of TemporalCoverage. If temporalCoverageEndDateTime is empty, the status should be inferred to be the current status of the collection.",,ltc,http://rs.tdwg.org/ltc/terms/CollectionStatusHistory,http://rs.tdwg.org/ltc/terms/version/CollectionStatusHistory-2024-02-28,A record of current and past statuses of the object group and the reason for status changes.,recommended,true,false
contact-detail,Contact Detail,Details of a method by which an entity such as a Person or OrganisationalUnit may be contacted.,"The Address class should be used to store physical or postal addresses. For all other types of contact details, this class should be used.",,ltc,http://rs.tdwg.org/ltc/terms/ContactDetail,http://rs.tdwg.org/ltc/terms/version/ContactDetail-2024-02-28,Details of a method by which an entity such as a Person or OrganisationalUnit may be contacted.,recommended,true,false
ecological-context,Ecological Context,"The ecological and/or biogeographic classification of the region from which objects associated with the ObjectGroup were collected, or where an Event took place.","There is some conceptual overlap with the GeographicContext class with respect to geographic locations. This class should be used for biogeographic and ecological concepts, whereas for physical, political and administrative geographic locations, the GeographicContext class is more appropriate. Specific information about the habitat and ecological conditions that applied at the time that an event took place should be recorded in the `habitat` property of the Event class.",,ltc,http://rs.tdwg.org/ltc/terms/EcologicalContext,http://rs.tdwg.org/ltc/terms/version/EcologicalContext-2024-02-28,"The ecological and/or biogeographic classification of the region from which objects associated with the ObjectGroup were collected, or where an Event took place.",recommended,true,false
event,Event,An action that occurs at some location during some time.,Derived from dwc Class event (http://rs.tdwg.org/dwc/terms/version/Event-2018-09-06). This class has been defined under the ltc namespace because it only has a subset of the properties of DwC:Event. All ltc:Event properties are borrowed from and reference the dwc namespace. Examples of an Event include: A specimen collection process. A camera trap image capture. A marine trawl.,,ltc,http://rs.tdwg.org/ltc/terms/Event,http://rs.tdwg.org/ltc/terms/version/Event-2024-02-28,An action that occurs at some location during some time.,recommended,true,false
geographic-context,Geographic Context,"The geographic location from which objects associated with the ObjectGroup were collected, or where an Event took place.",,,ltc,http://rs.tdwg.org/ltc/terms/GeographicContext,http://rs.tdwg.org/ltc/terms/version/GeographicContext-2024-02-28,"The geographic location from which objects associated with the ObjectGroup were collected, or where an Event took place.",recommended,true,false
geological-context,Geological Context,"Geological information, such as stratigraphy, that qualifies a region or place.",,,ltc,http://rs.tdwg.org/ltc/terms/GeologicalContext,http://rs.tdwg.org/ltc/terms/version/GeologicalContext-2024-02-28,"Geological information, such as stratigraphy, that qualifies a region or place.",recommended,true,false
identifier,Identifier,"A numeric, textual value, or reference such as an IRI, that can be used to uniquely identify the object to which it is attached.","Use this class to document stable identifiers that describe the collections and associated entities being represented in the collection description. For example, person identifiers, taxon identifiers, institution identifiers, organisational unit identifiers, gazetteer identifiers. Identifiers represented by this class may be globally unique, or unique within a given context.",,ltc,http://rs.tdwg.org/ltc/terms/Identifier,http://rs.tdwg.org/ltc/terms/version/Identifier-2024-02-28,"A numeric, textual value, or reference such as an IRI, that can be used to uniquely identify the object to which it is attached.",recommended,true,false
latimer-core-scheme,Latimer Core Scheme,"A grouping of multiple ObjectGroups for a particular use case, purpose or implementation.","Where the same objects within the same collection might be described by more than one ObjectGroup for different purposes (for examples, a 'Darwin Fossil Mammals' collection description might overlap with a 'Offsite Palaeontology' collection description), this class can be used to distinguish between them and avoid double-counting of metrics in queries against the data.",,ltc,http://rs.tdwg.org/ltc/terms/LatimerCoreScheme,http://rs.tdwg.org/ltc/terms/version/LatimerCoreScheme-2024-02-28,"A grouping of multiple ObjectGroups for a particular use case, purpose or implementation.",recommended,true,false
measurement-or-fact,Measurement or Fact,"A measurement of or fact about a class within the standard, or a relationship between the ObjectGroup and an associated class.","This class can be used to apply measurements, facts or narratives to the ObjectGroup as a whole, or used to qualify the relationship between the ObjectGroup and an associated attribute. For example, an ObjectGroup may contain 100 objects, of which 40 are from Europe and 60 from Africa. In this example, one MeasurementOrFact (count of 100) would be attached to the ObjectGroup, and one to each of the two relationships between the ObjectGroup and GeographicContext (Europe: count of 40, Africa: count of 60).",,ltc,http://rs.tdwg.org/ltc/terms/MeasurementOrFact,http://rs.tdwg.org/ltc/terms/version/MeasurementOrFact-2024-02-28,"A measurement of or fact about a class within the standard, or a relationship between the ObjectGroup and an associated class.",recommended,true,false
object-classification,Object Classification,"An informal classification of the type of objects within the ObjectGroup, using a hierarchical structure.","This class is used to categorise the ObjectGroup according to an informal, self-referential hierarchy. For example, this can be used to create a hierarchy encompassing biological, geological and anthropological collections, where a single formal taxonomy isn't appropriate.",,ltc,http://rs.tdwg.org/ltc/terms/ObjectClassification,http://rs.tdwg.org/ltc/terms/version/ObjectClassification-2024-02-28,"An informal classification of the type of objects within the ObjectGroup, using a hierarchical structure.",recommended,true,false
object-group,Object Group,An intentionally grouped set of objects with one or more common characteristics.,,,ltc,http://rs.tdwg.org/ltc/terms/ObjectGroup,http://rs.tdwg.org/ltc/terms/version/ObjectGroup-2024-02-28,An intentionally grouped set of objects with one or more common characteristics.,recommended,true,false
organisational-unit,Organisational Unit,"A unit within an organisational hierarchy which may be at, above or below the institutional level.","This class can represent any level of organisational unit, incorporating institutions (e.g. a museum), higher units (e.g. a university to which a museum belongs) and more detailed structures (e.g the departments and divisions within a museum). It can be used to arrange these different units at different levels into a hierarchical structure. This class combines aspects of both class org:Organization (https://www.w3.org/TR/2014/REC-vocab-org-20140116/#org:Organization) and class org:OrganizationalUnit (https://www.w3.org/TR/2014/REC-vocab-org-20140116/#org:OrganizationalUnit) from the W3C Organization Ontology ORG (https://www.w3.org/TR/2014/REC-vocab-org-20140116/#overview-of-ontology). Recommended best practice is to associate a unique, persistent organisational identifier (PID) with each created organisational unit. This will allow an unambiguous and continual identification of the unit, as well as the creation of organisational hierarchies. Existing providers of PIDs for organisations are, e.g. https://grid.ac/ and https://ror.org/. The provision of organisational PIDs might be extended to intra-organisational units in the future. Properties of Class: Identifier can be used to add identifier information for organisational units.",,ltc,http://rs.tdwg.org/ltc/terms/OrganisationalUnit,http://rs.tdwg.org/ltc/terms/version/OrganisationalUnit-2024-02-28,"A unit within an organisational hierarchy which may be at, above or below the institutional level.",recommended,true,false
person,Person,"A person (alive, dead, undead, or fictional).","A person (alive or dead). This concept should map to the Schema.org Person class (https://schema.org/Person), and the prov:Person class (http://www.w3.org/ns/prov#Person) in the PROV ontology. In the latter, it is a subclass of prov:Agent, which through which it can map to the RDA recommendations on attribution (http://dx.doi.org/10.15497/RDA00029). The definition is appropriated from the Schema.org class.",,ltc,http://rs.tdwg.org/ltc/terms/Person,http://rs.tdwg.org/ltc/terms/version/Person-2024-02-28,"A person (alive, dead, undead, or fictional).",recommended,true,false
person-role,Person Role,A qualified association between a Person or OrganisationalUnit and an entity such as an ObjectGroup or MeasurementOrFact that enables the relationship to be contextualised with a specific role and time period.,"This class is aligned with the prov:qualifiedAttribution property (http://www.w3.org/ns/prov#qualifiedAttribution). It should be used instead of the Activity and PersonActivity classes to link a Person or OrganisationalUnit to an entity in situations where an activity is not know or is irrelevant, for example for describing a person's role within an organisation. It is not mandatory to link to either a Person or a Role in this class, to support use cases where a role is known but the person who fulfilled it is not, and where a person is known to have been involved but the context is not. However, it's expected that at least one of the hasPerson and hasRole properties is populated.",,ltc,http://rs.tdwg.org/ltc/terms/PersonRole,http://rs.tdwg.org/ltc/terms/version/PersonRole-2024-02-28,A qualified association between a Person or OrganisationalUnit and an entity such as an ObjectGroup or MeasurementOrFact that enables the relationship to be contextualised with a specific role and time period.,recommended,true,false
record-level,Record Level,The machine-actionable information profile for the collection description digital object.,Linked to the RDA PID Kernel recommendation (https://www.rd-alliance.org/system/files/RDA%20Recommendation%20on%20PID%20Kernel%20Information_final.pdf),,ltc,http://rs.tdwg.org/ltc/terms/RecordLevel,http://rs.tdwg.org/ltc/terms/version/RecordLevel-2024-02-28,The machine-actionable information profile for the collection description digital object.,recommended,true,false
reference,Reference,A reference to external resources and information related to the class.,"In Latimer Core, this class can be used to store references to publications, policies, datasets and other online resources such as websites, related to classes within the standard.",,ltc,http://rs.tdwg.org/ltc/terms/Reference,http://rs.tdwg.org/ltc/terms/version/Reference-2024-02-28,A reference to external resources and information related to the class.,recommended,true,false
resource-relationship,Resource Relationship,"A relationship of one rdfs:Resource (http://www.w3.org/2000/01/rdf-schema#Resource) to another, or to a simple named concept.","Resources can be thought of as identifiable records or instances of classes and may include, but need not be limited to instances of ltc:ObjectGroup, ltc:OrganisationalUnit, ltc:Taxon, ltc:Event, ltc:GeographicContext, ltc:GeologicalContext, ltc:EcologicalContext, or ltc:ObjectClassification. In the context of Latimer Core, the main purposes of this class are 1. to define different semantic and hierarchical relationships between ObjectGroups, and 2. to support quantified and annotated relationships between ObjectGroups and other LtC classes (such as ltc:Taxon and ltc:GeographicContext) and properties (such as ltc:discipline and ltc:objectType) that describe the contents of the ObjectGroup, using the hasMeasurementOrFact property.",,ltc,http://rs.tdwg.org/ltc/terms/ResourceRelationship,http://rs.tdwg.org/ltc/terms/version/ResourceRelationship-2024-02-28,"A relationship of one rdfs:Resource (http://www.w3.org/2000/01/rdf-schema#Resource) to another, or to a simple named concept.",recommended,true,false
role,Role,The function of a Person with respect to an activity or entity.,"While this class contains no mandatory properties, it's recommended that at least one of the roleName and hasIdentifier properties are used to specify the intended role. Where appropriate, the use of controlled vocabularies such as the CRediT contributor roles taxonomy (https://credit.niso.org) is encouraged.",,ltc,http://rs.tdwg.org/ltc/terms/Role,http://rs.tdwg.org/ltc/terms/version/Role-2024-02-28,The function of a Person with respect to an activity or entity.,recommended,true,false
scheme-measurement-or-fact,Scheme Measurement Or Fact,"A type of measurement or fact used by the LatimerCoreScheme, and the rules relating to its application.","This class can be used to specify the qualitative and quantitative metrics that will be included in the LatimerCoreScheme using the MeasurementOrFact class, and dictate whether each will be mandatory and/or repeatable. This information can be used by software and queries to constrain and validate the Latimer Core dataset, and determine how and whether metrics can be aggregated and reported. The schemeMeasurementType property should correspond to the measurementType property of the MeasurementOrFact class in order to make the relevant association between the scheme definition and the stored data.",,ltc,http://rs.tdwg.org/ltc/terms/SchemeMeasurementOrFact,http://rs.tdwg.org/ltc/terms/version/SchemeMeasurementOrFact-2024-02-28,"A type of measurement or fact used by the LatimerCoreScheme, and the rules relating to its application.",recommended,true,false
scheme-term,Scheme Term,A Latimer Core term used by the LatimerCoreScheme and the rules relating to its application.,"This class can be used to define which of the terms (classes and/or properties) within the standard (e.g. GeographicContext, Taxon, preservationMethod) are expected to be used within the scheme, and specify whether they're mandatory and/or repeatable. This information can be used by software and queries to validate the data and understand the rules by which metrics can be reported against the specified term.",,ltc,http://rs.tdwg.org/ltc/terms/SchemeTerm,http://rs.tdwg.org/ltc/terms/version/SchemeTerm-2024-02-28,A Latimer Core term used by the LatimerCoreScheme and the rules relating to its application.,recommended,true,false
storage-location,Storage Location,"A physical location (such as a building, room, cabinet or drawer) within the holding institution where objects associated with the collection description are stored or exhibited.",,,ltc,http://rs.tdwg.org/ltc/terms/StorageLocation,http://rs.tdwg.org/ltc/terms/version/StorageLocation-2024-02-28,"A physical location (such as a building, room, cabinet or drawer) within the holding institution where objects associated with the collection description are stored or exhibited.",recommended,true,false
taxon,Taxon,A group of organisms (sensu http://purl.obolibrary.org/obo/OBI_0100026) considered by taxonomists to form a homogeneous unit.,,,ltc,http://rs.tdwg.org/ltc/terms/Taxon,http://rs.tdwg.org/ltc/terms/version/Taxon-2024-02-28,A group of organisms (sensu http://purl.obolibrary.org/obo/OBI_0100026) considered by taxonomists to form a homogeneous unit.,recommended,true,false
temporal-coverage,Temporal Coverage,"The time period during which the related event, activity or status was occurring.","To represent an ongoing period of time, temporalCoverageStartDateTime should be populated and temporalCoverageEndDateTime left blank. To represent a single period in time, temporalCoverageStartDateTime and temporalCoverageEndDateTime should hold the same value. This class can be used to reflect the period of time in which specified activities, events and states occurred. Examples might include the time range of the `Event` in which the objects were collected, the period during a `CollectionStatusHistory` over which the collection was actively growing, or the span of time someone was working in a particular `PersonRole`. If the time period you are trying to describe is better described by a categorical label rather than a date, `GeologicalContext`, `ChronometricAge` or `ObjectGroup.period` may be more suitable.",,ltc,http://rs.tdwg.org/ltc/terms/TemporalCoverage,http://rs.tdwg.org/ltc/terms/version/TemporalCoverage-2024-02-28,"The time period during which the related event, activity or status was occurring.",recommended,true,false
address-identifier,Address Identifier,An ltc:Identifier related to an ltc:Address.,,,ltc,http://rs.tdwg.org/ltc/terms/hasIdentifier,http://rs.tdwg.org/ltc/terms/version/hasIdentifier-2024-02-28,This property refers to one or more related instances of the Identifier class.,recommended,true,true
chronometric-age-identifier,Chronometric Age Identifier,An ltc:Identifier related to an ltc:ChronometricAge.,,,ltc,http://rs.tdwg.org/ltc/terms/hasIdentifier,http://rs.tdwg.org/ltc/terms/version/hasIdentifier-2024-02-28,This property refers to one or more related instances of the Identifier class.,recommended,true,true
chronometric-age-measurement-or-fact,Chronometric Age Measurement or Fact,An ltc:MeasurementOrFact related to an ltc:ChronometricAge.,,,ltc,http://rs.tdwg.org/ltc/terms/hasMeasurementOrFact,http://rs.tdwg.org/ltc/terms/version/hasMeasurementOrFact-2024-02-28,This property refers to one or more related instances of the MeasurementOrFact class.,recommended,true,true
chronometric-age-reference,Chronometric Age Reference,An ltc:Reference related to an ltc:ChronometricAge.,,,ltc,http://rs.tdwg.org/ltc/terms/hasReference,http://rs.tdwg.org/ltc/terms/version/hasReference-2024-02-28,This property refers to one or more related instances of the Reference class.,recommended,true,true
collection-status-history-identifier,Collection Status History Identifier,An ltc:Identifier related to an ltc:CollectionStatusHistory.,,,ltc,http://rs.tdwg.org/ltc/terms/hasIdentifier,http://rs.tdwg.org/ltc/terms/version/hasIdentifier-2024-02-28,This property refers to one or more related instances of the Identifier class.,recommended,true,true
collection-status-history-measurement-or-fact,Collection Status History Measurement or Fact,An ltc:MeasurementOrFact related to an ltc:CollectionStatusHistory.,,,ltc,http://rs.tdwg.org/ltc/terms/hasMeasurementOrFact,http://rs.tdwg.org/ltc/terms/version/hasMeasurementOrFact-2024-02-28,This property refers to one or more related instances of the MeasurementOrFact class.,recommended,true,true
collection-status-history-reference,Collection Status History Reference,An ltc:Reference related to an ltc:CollectionStatusHistory.,,,ltc,http://rs.tdwg.org/ltc/terms/hasReference,http://rs.tdwg.org/ltc/terms/version/hasReference-2024-02-28,This property refers to one or more related instances of the Reference class.,recommended,true,true
collection-status-history-temporal-coverage,Collection Status History Temporal Coverage,An ltc:TemporalCoverage related to an ltc:CollectionStatusHistory.,,,ltc,http://rs.tdwg.org/ltc/terms/hasTemporalCoverage,http://rs.tdwg.org/ltc/terms/version/hasTemporalCoverage-2024-02-28,This property refers to one or more related instances of the TemporalCoverage class.,recommended,true,true
contact-detail-identifier,Contact Detail Identifier,An ltc:Identifier related to an ltc:ContactDetail.,,,ltc,http://rs.tdwg.org/ltc/terms/hasIdentifier,http://rs.tdwg.org/ltc/terms/version/hasIdentifier-2024-02-28,This property refers to one or more related instances of the Identifier class.,recommended,true,true
ecological-context-identifier,Ecological Context Identifier,An ltc:Identifier related to an ltc:EcologicalContext.,,,ltc,http://rs.tdwg.org/ltc/terms/hasIdentifier,http://rs.tdwg.org/ltc/terms/version/hasIdentifier-2024-02-28,This property refers to one or more related instances of the Identifier class.,recommended,true,true
ecological-context-measurement-or-fact,Ecological Context Measurement or Fact,An ltc:MeasurementOrFact related to an ltc:EcologicalContext.,,,ltc,http://rs.tdwg.org/ltc/terms/hasMeasurementOrFact,http://rs.tdwg.org/ltc/terms/version/hasMeasurementOrFact-2024-02-28,This property refers to one or more related instances of the MeasurementOrFact class.,recommended,true,true
ecological-context-reference,Ecological Context Reference,An ltc:Reference related to an ltc:EcologicalContext.,,,ltc,http://rs.tdwg.org/ltc/terms/hasReference,http://rs.tdwg.org/ltc/terms/version/hasReference-2024-02-28,This property refers to one or more related instances of the Reference class.,recommended,true,true
event-ecological-context,Event Ecological Context,An ltc:EcologicalContext related to an ltc:Event.,,,ltc,http://rs.tdwg.org/ltc/terms/hasEcologicalContext,http://rs.tdwg.org/ltc/terms/version/hasEcologicalContext-2024-02-28,This property refers to one or more related instances of the EcologicalContext class.,recommended,true,true
event-geographic-context,Event Geographic Context,An ltc:GeographicContext related to an ltc:Event.,,,ltc,http://rs.tdwg.org/ltc/terms/hasGeographicContext,http://rs.tdwg.org/ltc/terms/version/hasGeographicContext-2024-02-28,This property refers to one or more related instances of the GeographicContext class.,recommended,true,true
event-identifier,Event Identifier,An ltc:Identifier related to an ltc:Event.,,,ltc,http://rs.tdwg.org/ltc/terms/hasIdentifier,http://rs.tdwg.org/ltc/terms/version/hasIdentifier-2024-02-28,This property refers to one or more related instances of the Identifier class.,recommended,true,true
event-measurement-or-fact,Event Measurement or Fact,An ltc:MeasurementOrFact related to an ltc:Event.,,,ltc,http://rs.tdwg.org/ltc/terms/hasMeasurementOrFact,http://rs.tdwg.org/ltc/terms/version/hasMeasurementOrFact-2024-02-28,This property refers to one or more related instances of the MeasurementOrFact class.,recommended,true,true
event-person-role,Event Person Role,An ltc:PersonRole related to an ltc:Event.,,,ltc,http://rs.tdwg.org/ltc/terms/hasPersonRole,http://rs.tdwg.org/ltc/terms/version/hasPersonRole-2024-02-28,This property refers to one or more related instances of the PersonRole class.,recommended,true,true
event-reference,Event Reference,An ltc:Reference related to an ltc:Event.,,,ltc,http://rs.tdwg.org/ltc/terms/hasReference,http://rs.tdwg.org/ltc/terms/version/hasReference-2024-02-28,This property refers to one or more related instances of the Reference class.,recommended,true,true
event-temporal-coverage,Event Temporal Coverage,An ltc:TemporalCoverage related to an ltc:Event.,,,ltc,http://rs.tdwg.org/ltc/terms/hasTemporalCoverage,http://rs.tdwg.org/ltc/terms/version/hasTemporalCoverage-2024-02-28,This property refers to one or more related instances of the TemporalCoverage class.,recommended,true,true
geographic-context-identifier,Geographic Context Identifier,An ltc:Identifier related to an ltc:GeographicContext.,,,ltc,http://rs.tdwg.org/ltc/terms/hasIdentifier,http://rs.tdwg.org/ltc/terms/version/hasIdentifier-2024-02-28,This property refers to one or more related instances of the Identifier class.,recommended,true,true
geographic-context-measurement-or-fact,Geographic Context Measurement or Fact,An ltc:MeasurementOrFact related to an ltc:GeographicContext.,,,ltc,http://rs.tdwg.org/ltc/terms/hasMeasurementOrFact,http://rs.tdwg.org/ltc/terms/version/hasMeasurementOrFact-2024-02-28,This property refers to one or more related instances of the MeasurementOrFact class.,recommended,true,true
geographic-context-reference,Geographic Context Reference,An ltc:Reference related to an ltc:GeographicContext.,,,ltc,http://rs.tdwg.org/ltc/terms/hasReference,http://rs.tdwg.org/ltc/terms/version/hasReference-2024-02-28,This property refers to one or more related instances of the Reference class.,recommended,true,true
geological-context-identifier,Geological Context Identifier,An ltc:Identifier related to an ltc:GeologicalContext.,,,ltc,http://rs.tdwg.org/ltc/terms/hasIdentifier,http://rs.tdwg.org/ltc/terms/version/hasIdentifier-2024-02-28,This property refers to one or more related instances of the Identifier class.,recommended,true,true
geological-context-measurement-or-fact,Geological Context Measurement or Fact,An ltc:MeasurementOrFact related to an ltc:GeologicalContext.,,,ltc,http://rs.tdwg.org/ltc/terms/hasMeasurementOrFact,http://rs.tdwg.org/ltc/terms/version/hasMeasurementOrFact-2024-02-28,This property refers to one or more related instances of the MeasurementOrFact class.,recommended,true,true
geological-context-reference,Geological Context Reference,An ltc:Reference related to an ltc:GeologicalContext.,,,ltc,http://rs.tdwg.org/ltc/terms/hasReference,http://rs.tdwg.org/ltc/terms/version/hasReference-2024-02-28,This property refers to one or more related instances of the Reference class.,recommended,true,true
identifier-reference,Identifier Reference,An ltc:Reference related to an ltc:Identifier.,,,ltc,http://rs.tdwg.org/ltc/terms/hasReference,http://rs.tdwg.org/ltc/terms/version/hasReference-2024-02-28,This property refers to one or more related instances of the Reference class.,recommended,true,true
latimer-core-scheme-identifier,Latimer Core Scheme Identifier,An ltc:Identifier related to an ltc:LatimerCoreScheme.,,,ltc,http://rs.tdwg.org/ltc/terms/hasIdentifier,http://rs.tdwg.org/ltc/terms/version/hasIdentifier-2024-02-28,This property refers to one or more related instances of the Identifier class.,recommended,true,true
latimer-core-scheme-object-group,Latimer Core Scheme Object Group,An ltc:ObjectGroup related to an ltc:LatimerCoreScheme.,,,ltc,http://rs.tdwg.org/ltc/terms/hasObjectGroup,http://rs.tdwg.org/ltc/terms/version/hasObjectGroup-2024-02-28,This property refers to one or more related instances of the ObjectGroup class.,recommended,true,true
latimer-core-scheme-reference,Latimer Core Scheme Reference,An ltc:Reference related to an ltc:LatimerCoreScheme.,,,ltc,http://rs.tdwg.org/ltc/terms/hasReference,http://rs.tdwg.org/ltc/terms/version/hasReference-2024-02-28,This property refers to one or more related instances of the Reference class.,recommended,true,true
measurement-or-fact-identifier,Measurement or Fact Identifier,An ltc:Identifier related to an ltc:MeasurementOrFact.,,,ltc,http://rs.tdwg.org/ltc/terms/hasIdentifier,http://rs.tdwg.org/ltc/terms/version/hasIdentifier-2024-02-28,This property refers to one or more related instances of the Identifier class.,recommended,true,true
measurement-or-fact-reference,Measurement or Fact Reference,An ltc:Reference related to an ltc:MeasurementOrFact.,,,ltc,http://rs.tdwg.org/ltc/terms/hasReference,http://rs.tdwg.org/ltc/terms/version/hasReference-2024-02-28,This property refers to one or more related instances of the Reference class.,recommended,true,true
object-classification-identifier,Object Classification Identifier,An ltc:Identifier related to an ltc:ObjectClassification.,,,ltc,http://rs.tdwg.org/ltc/terms/hasIdentifier,http://rs.tdwg.org/ltc/terms/version/hasIdentifier-2024-02-28,This property refers to one or more related instances of the Identifier class.,recommended,true,true
object-classification-measurement-or-fact,Object Classification Measurement or Fact,An ltc:MeasurementOrFact related to an ltc:ObjectClassification.,,,ltc,http://rs.tdwg.org/ltc/terms/hasMeasurementOrFact,http://rs.tdwg.org/ltc/terms/version/hasMeasurementOrFact-2024-02-28,This property refers to one or more related instances of the MeasurementOrFact class.,recommended,true,true
object-classification-reference,Object Classification Reference,An ltc:Reference related to an ltc:ObjectClassification.,,,ltc,http://rs.tdwg.org/ltc/terms/hasReference,http://rs.tdwg.org/ltc/terms/version/hasReference-2024-02-28,This property refers to one or more related instances of the Reference class.,recommended,true,true
object-group-ecological-context,Object Group Ecological Context,An ltc:EcologicalContext related to an ltc:ObjectGroup.,,,ltc,http://rs.tdwg.org/ltc/terms/hasEcologicalContext,http://rs.tdwg.org/ltc/terms/version/hasEcologicalContext-2024-02-28,This property refers to one or more related instances of the EcologicalContext class.,recommended,true,true
object-group-geographic-context,Object Group Geographic Context,An ltc:GeographicContext related to an ltc:ObjectGroup.,,,ltc,http://rs.tdwg.org/ltc/terms/hasGeographicContext,http://rs.tdwg.org/ltc/terms/version/hasGeographicContext-2024-02-28,This property refers to one or more related instances of the GeographicContext class.,recommended,true,true
object-group-identifier,Object Group Identifier,An ltc:Identifier related to an ltc:ObjectGroup.,,,ltc,http://rs.tdwg.org/ltc/terms/hasIdentifier,http://rs.tdwg.org/ltc/terms/version/hasIdentifier-2024-02-28,This property refers to one or more related instances of the Identifier class.,recommended,true,true
object-group-measurement-or-fact,Object Group Measurement or Fact,An ltc:MeasurementOrFact related to an ltc:ObjectGroup.,,,ltc,http://rs.tdwg.org/ltc/terms/hasMeasurementOrFact,http://rs.tdwg.org/ltc/terms/version/hasMeasurementOrFact-2024-02-28,This property refers to one or more related instances of the MeasurementOrFact class.,recommended,true,true
object-group-person-role,Object Group Person Role,An ltc:PersonRole related to an ltc:ObjectGroup.,,,ltc,http://rs.tdwg.org/ltc/terms/hasPersonRole,http://rs.tdwg.org/ltc/terms/version/hasPersonRole-2024-02-28,This property refers to one or more related instances of the PersonRole class.,recommended,true,true
object-group-reference,Object Group Reference,An ltc:Reference related to an ltc:ObjectGroup.,,,ltc,http://rs.tdwg.org/ltc/terms/hasReference,http://rs.tdwg.org/ltc/terms/version/hasReference-2024-02-28,This property refers to one or more related instances of the Reference class.,recommended,true,true
object-group-resource-relationship,Object Group Resource Relationship,An ltc:ResourceRelationship related to an ltc:ObjectGroup.,,,ltc,http://rs.tdwg.org/ltc/terms/hasResourceRelationship,http://rs.tdwg.org/ltc/terms/version/hasResourceRelationship-2024-02-28,This property refers to one or more related instances of the ResourceRelationship class.,recommended,true,true
organisational-unit-address,Organisational Unit Address,An ltc:Address related to an ltc:OrganisationalUnit.,,,ltc,http://rs.tdwg.org/ltc/terms/hasAddress,http://rs.tdwg.org/ltc/terms/version/hasAddress-2024-02-28,This property refers to one or more related instances of the Address class.,recommended,true,true
organisational-unit-contact-detail,Organisational Unit Contact Detail,An ltc:ContactDetail related to an ltc:OrganisationalUnit.,,,ltc,http://rs.tdwg.org/ltc/terms/hasContactDetail,http://rs.tdwg.org/ltc/terms/version/hasContactDetail-2024-02-28,This property refers to one or more related instances of the ContactDetail class.,recommended,true,true
organisational-unit-identifier,Organisational Unit Identifier,An ltc:Identifier related to an ltc:OrganisationalUnit.,,,ltc,http://rs.tdwg.org/ltc/terms/hasIdentifier,http://rs.tdwg.org/ltc/terms/version/hasIdentifier-2024-02-28,This property refers to one or more related instances of the Identifier class.,recommended,true,true
organisational-unit-measurement-or-fact,Organisational Unit Measurement or Fact,An ltc:MeasurementOrFact related to an ltc:OrganisationalUnit.,,,ltc,http://rs.tdwg.org/ltc/terms/hasMeasurementOrFact,http://rs.tdwg.org/ltc/terms/version/hasMeasurementOrFact-2024-02-28,This property refers to one or more related instances of the MeasurementOrFact class.,recommended,true,true
organisational-unit-person-role,Organisational Unit Person Role,An ltc:PersonRole related to an ltc:OrganisationalUnit.,,,ltc,http://rs.tdwg.org/ltc/terms/hasPersonRole,http://rs.tdwg.org/ltc/terms/version/hasPersonRole-2024-02-28,This property refers to one or more related instances of the PersonRole class.,recommended,true,true
organisational-unit-reference,Organisational Unit Reference,An ltc:Reference related to an ltc:OrganisationalUnit.,,,ltc,http://rs.tdwg.org/ltc/terms/hasReference,http://rs.tdwg.org/ltc/terms/version/hasReference-2024-02-28,This property refers to one or more related instances of the Reference class.,recommended,true,true
person-address,Person Address,An ltc:Address related to an ltc:Person.,,,ltc,http://rs.tdwg.org/ltc/terms/hasAddress,http://rs.tdwg.org/ltc/terms/version/hasAddress-2024-02-28,This property refers to one or more related instances of the Address class.,recommended,true,true
person-contact-detail,Person Contact Detail,An ltc:ContactDetail related to an ltc:Person.,,,ltc,http://rs.tdwg.org/ltc/terms/hasContactDetail,http://rs.tdwg.org/ltc/terms/version/hasContactDetail-2024-02-28,This property refers to one or more related instances of the ContactDetail class.,recommended,true,true
person-identifier,Person Identifier,An ltc:Identifier related to an ltc:Person.,,,ltc,http://rs.tdwg.org/ltc/terms/hasIdentifier,http://rs.tdwg.org/ltc/terms/version/hasIdentifier-2024-02-28,This property refers to one or more related instances of the Identifier class.,recommended,true,true
person-measurement-or-fact,Person Measurement or Fact,An ltc:MeasurementOrFact related to an ltc:Person.,,,ltc,http://rs.tdwg.org/ltc/terms/hasMeasurementOrFact,http://rs.tdwg.org/ltc/terms/version/hasMeasurementOrFact-2024-02-28,This property refers to one or more related instances of the MeasurementOrFact class.,recommended,true,true
person-reference,Person Reference,An ltc:Reference related to an ltc:Person.,,,ltc,http://rs.tdwg.org/ltc/terms/hasReference,http://rs.tdwg.org/ltc/terms/version/hasReference-2024-02-28,This property refers to one or more related instances of the Reference class.,recommended,true,true
person-role-address,Person Role Address,An ltc:Address related to an ltc:PersonRole.,,,ltc,http://rs.tdwg.org/ltc/terms/hasAddress,http://rs.tdwg.org/ltc/terms/version/hasAddress-2024-02-28,This property refers to one or more related instances of the Address class.,recommended,true,true
person-role-contact-detail,Person Role Contact Detail,An ltc:ContactDetail related to an ltc:PersonRole.,,,ltc,http://rs.tdwg.org/ltc/terms/hasContactDetail,http://rs.tdwg.org/ltc/terms/version/hasContactDetail-2024-02-28,This property refers to one or more related instances of the ContactDetail class.,recommended,true,true
person-role-identifier,Person Role Identifier,An ltc:Identifier related to an ltc:PersonRole.,,,ltc,http://rs.tdwg.org/ltc/terms/hasIdentifier,http://rs.tdwg.org/ltc/terms/version/hasIdentifier-2024-02-28,This property refers to one or more related instances of the Identifier class.,recommended,true,true
person-role-measurement-or-fact,Person Role Measurement or Fact,An ltc:MeasurementOrFact related to an ltc:PersonRole.,,,ltc,http://rs.tdwg.org/ltc/terms/hasMeasurementOrFact,http://rs.tdwg.org/ltc/terms/version/hasMeasurementOrFact-2024-02-28,This property refers to one or more related instances of the MeasurementOrFact class.,recommended,true,true
person-role-reference,Person Role Reference,An ltc:Reference related to an ltc:PersonRole.,,,ltc,http://rs.tdwg.org/ltc/terms/hasReference,http://rs.tdwg.org/ltc/terms/version/hasReference-2024-02-28,This property refers to one or more related instances of the Reference class.,recommended,true,true
person-role-temporal-coverage,Person Role Temporal Coverage,An ltc:TemporalCoverage related to an ltc:PersonRole.,,,ltc,http://rs.tdwg.org/ltc/terms/hasTemporalCoverage,http://rs.tdwg.org/ltc/terms/version/hasTemporalCoverage-2024-02-28,This property refers to one or more related instances of the TemporalCoverage class.,recommended,true,true
record-level-identifier,Record Level Identifier,An ltc:Identifier related to an ltc:RecordLevel.,,,ltc,http://rs.tdwg.org/ltc/terms/hasIdentifier,http://rs.tdwg.org/ltc/terms/version/hasIdentifier-2024-02-28,"This property refers to one or more related instances of the Identifier class. Every RecordLevel class must contain at least one Identifier, preferably a PID.",recommended,true,true
record-level-object-group,Record Level Object Group,An ltc:ObjectGroup related to an ltc:RecordLevel.,,,ltc,http://rs.tdwg.org/ltc/terms/hasObjectGroup,http://rs.tdwg.org/ltc/terms/version/hasObjectGroup-2024-02-28,This property refers to one or more related instances of the ObjectGroup class.,recommended,true,true
record-level-person-role,Record Level Person Role,An ltc:PersonRole related to an ltc:RecordLevel.,,,ltc,http://rs.tdwg.org/ltc/terms/hasPersonRole,http://rs.tdwg.org/ltc/terms/version/hasPersonRole-2024-02-28,This property refers to one or more related instances of the PersonRole class.,recommended,true,true
record-level-reference,Record Level Reference,An ltc:Reference related to an ltc:RecordLevel.,,,ltc,http://rs.tdwg.org/ltc/terms/hasReference,http://rs.tdwg.org/ltc/terms/version/hasReference-2024-02-28,This property refers to one or more related instances of the Reference class.,recommended,true,true
record-level-resource-relationship,Record Level Resource Relationship,An ltc:ResourceRelationship related to an ltc:RecordLevel.,,,ltc,http://rs.tdwg.org/ltc/terms/hasResourceRelationship,http://rs.tdwg.org/ltc/terms/version/hasResourceRelationship-2024-02-28,This property refers to one or more related instances of the ResourceRelationship class.,recommended,true,true
reference-identifier,Reference Identifier,An ltc:Identifier related to an ltc:Reference.,,,ltc,http://rs.tdwg.org/ltc/terms/hasIdentifier,http://rs.tdwg.org/ltc/terms/version/hasIdentifier-2024-02-28,This property refers to one or more related instances of the Identifier class.,recommended,true,true
resource-relationship-identifier,Resource Relationship Identifier,An ltc:Identifier related to an ltc:ResourceRelationship.,,,ltc,http://rs.tdwg.org/ltc/terms/hasIdentifier,http://rs.tdwg.org/ltc/terms/version/hasIdentifier-2024-02-28,This property refers to one or more related instances of the Identifier class.,recommended,true,true
resource-relationship-measurement-or-fact,Resource Relationship Measurement or Fact,An ltc:MeasurementOrFact related to an ltc:ResourceRelationship.,,,ltc,http://rs.tdwg.org/ltc/terms/hasMeasurementOrFact,http://rs.tdwg.org/ltc/terms/version/hasMeasurementOrFact-2024-02-28,This property refers to one or more related instances of the MeasurementOrFact class.,recommended,true,true
resource-relationship-reference,Resource Relationship Reference,An ltc:Reference related to an ltc:ResourceRelationship.,,,ltc,http://rs.tdwg.org/ltc/terms/hasReference,http://rs.tdwg.org/ltc/terms/version/hasReference-2024-02-28,This property refers to one or more related instances of the Reference class.,recommended,true,true
role-identifier,Role Identifier,An ltc:Identifier related to an ltc:Role.,,,ltc,http://rs.tdwg.org/ltc/terms/hasIdentifier,http://rs.tdwg.org/ltc/terms/version/hasIdentifier-2024-02-28,This property refers to one or more related instances of the Identifier class.,recommended,true,true
scheme-measurement-or-fact-identifier,Scheme Measurement Or Fact Identifier,An ltc:Identifier related to an ltc:SchemeMeasurementOrFact.,,,ltc,http://rs.tdwg.org/ltc/terms/hasIdentifier,http://rs.tdwg.org/ltc/terms/version/hasIdentifier-2024-02-28,This property refers to one or more related instances of the Identifier class.,recommended,true,true
scheme-measurement-or-fact-reference,Scheme Measurement Or Fact Reference,An ltc:Reference related to an ltc:SchemeMeasurementOrFact.,,,ltc,http://rs.tdwg.org/ltc/terms/hasReference,http://rs.tdwg.org/ltc/terms/version/hasReference-2024-02-28,This property refers to one or more related instances of the Reference class.,recommended,true,true
scheme-term-identifier,Scheme Term Identifier,An ltc:Identifier related to an ltc:SchemeTerm.,,,ltc,http://rs.tdwg.org/ltc/terms/hasIdentifier,http://rs.tdwg.org/ltc/terms/version/hasIdentifier-2024-02-28,This property refers to one or more related instances of the Identifier class.,recommended,true,true
scheme-term-reference,Scheme Term Reference,An ltc:Reference related to an ltc:SchemeTerm.,,,ltc,http://rs.tdwg.org/ltc/terms/hasReference,http://rs.tdwg.org/ltc/terms/version/hasReference-2024-02-28,This property refers to one or more related instances of the Reference class.,recommended,true,true
storage-location-address,Storage Location Address,An ltc:Address related to an ltc:StorageLocation.,,,ltc,http://rs.tdwg.org/ltc/terms/hasAddress,http://rs.tdwg.org/ltc/terms/version/hasAddress-2024-02-28,This property refers to one or more related instances of the Address class.,recommended,true,true
storage-location-identifier,Storage Location Identifier,An ltc:Identifier related to an ltc:StorageLocation.,,,ltc,http://rs.tdwg.org/ltc/terms/hasIdentifier,http://rs.tdwg.org/ltc/terms/version/hasIdentifier-2024-02-28,This property refers to one or more related instances of the Identifier class.,recommended,true,true
storage-location-measurement-or-fact,Storage Location Measurement or Fact,An ltc:MeasurementOrFact related to an ltc:StorageLocation.,,,ltc,http://rs.tdwg.org/ltc/terms/hasMeasurementOrFact,http://rs.tdwg.org/ltc/terms/version/hasMeasurementOrFact-2024-02-28,This property refers to one or more related instances of the MeasurementOrFact class.,recommended,true,true
storage-location-reference,Storage Location Reference,An ltc:Reference related to an ltc:StorageLocation.,,,ltc,http://rs.tdwg.org/ltc/terms/hasReference,http://rs.tdwg.org/ltc/terms/version/hasReference-2024-02-28,This property refers to one or more related instances of the Reference class.,recommended,true,true
taxon-identifier,Taxon Identifier,An ltc:Identifier related to an ltc:Taxon.,,,ltc,http://rs.tdwg.org/ltc/terms/hasIdentifier,http://rs.tdwg.org/ltc/terms/version/hasIdentifier-2024-02-28,This property refers to one or more related instances of the Identifier class.,recommended,true,true
taxon-measurement-or-fact,Taxon Measurement or Fact,An ltc:MeasurementOrFact related to an ltc:Taxon.,,,ltc,http://rs.tdwg.org/ltc/terms/hasMeasurementOrFact,http://rs.tdwg.org/ltc/terms/version/hasMeasurementOrFact-2024-02-28,This property refers to one or more related instances of the MeasurementOrFact class.,recommended,true,true
taxon-reference,Taxon Reference,An ltc:Reference related to an ltc:Taxon.,,,ltc,http://rs.tdwg.org/ltc/terms/hasReference,http://rs.tdwg.org/ltc/terms/version/hasReference-2024-02-28,This property refers to one or more related instances of the Reference class.,recommended,true,true
temporal-coverage-measurement-or-fact,Temporal Coverage Measurement or Fact,An ltc:MeasurementOrFact related to an ltc:TemporalCoverage.,,,ltc,http://rs.tdwg.org/ltc/terms/hasMeasurementOrFact,http://rs.tdwg.org/ltc/terms/version/hasMeasurementOrFact-2024-02-28,This property refers to one or more related instances of the MeasurementOrFact class.,recommended,true,true
temporal-coverage-reference,Temporal Coverage Reference,An ltc:Reference related to an ltc:TemporalCoverage.,,,ltc,http://rs.tdwg.org/ltc/terms/hasReference,http://rs.tdwg.org/ltc/terms/version/hasReference-2024-02-28,This property refers to one or more related instances of the Reference class.,recommended,true,true
